# Discriminator Loss, Generator Loss
6.000000000000000000e+00,4.000000000000000000e+00
5.308481216430664062e+00,2.798788547515869141e+00
4.723265171051025391e+00,2.878589391708374023e+00
4.118875026702880859e+00,3.299756050109863281e+00
3.720059871673583984e+00,3.619159698486328125e+00
3.101102828979492188e+00,4.336763858795166016e+00
2.166161298751831055e+00,5.912573337554931641e+00
1.341742515563964844e+00,7.600908279418945312e+00
8.681539297103881836e-01,9.065293312072753906e+00
6.471753120422363281e-01,1.004434204101562500e+01
6.156880855560302734e-01,1.007445049285888672e+01
7.095329165458679199e-01,9.353213310241699219e+00
8.634308576583862305e-01,8.685061454772949219e+00
1.097412109375000000e+00,7.474816799163818359e+00
1.185345292091369629e+00,7.669368267059326172e+00
9.241033792495727539e-01,8.792745590209960938e+00
6.472133398056030273e-01,1.026282691955566406e+01
4.477007985115051270e-01,1.235614967346191406e+01
3.522836267948150635e-01,1.335245609283447266e+01
3.367706537246704102e-01,1.302297687530517578e+01
3.180218935012817383e-01,1.330715370178222656e+01
3.068063557147979736e-01,1.370432281494140625e+01
2.886631786823272705e-01,1.396003818511962891e+01
2.797909677028656006e-01,1.356615829467773438e+01
2.302980422973632812e-01,1.458119678497314453e+01
1.981090009212493896e-01,1.531502532958984375e+01
2.041587829589843750e-01,1.444208049774169922e+01
2.477840483188629150e-01,1.344097042083740234e+01
2.722393870353698730e-01,1.334244537353515625e+01
3.010714054107666016e-01,1.313735675811767578e+01
3.801958560943603516e-01,1.181318092346191406e+01
3.902356028556823730e-01,1.217152786254882812e+01
3.043858110904693604e-01,1.340955352783203125e+01
2.581051588058471680e-01,1.333664608001708984e+01
2.065027803182601929e-01,1.445215892791748047e+01
1.797061860561370850e-01,1.541261768341064453e+01
1.705525964498519897e-01,1.507954788208007812e+01
2.039127945899963379e-01,1.393954181671142578e+01
1.899289488792419434e-01,1.496638107299804688e+01
1.643594503402709961e-01,1.651195144653320312e+01
1.538597345352172852e-01,1.570513916015625000e+01
1.729734838008880615e-01,1.461339855194091797e+01
1.548781991004943848e-01,1.608167457580566406e+01
1.322612166404724121e-01,1.778634262084960938e+01
1.147392243146896362e-01,1.800802040100097656e+01
1.027978807687759399e-01,1.791989707946777344e+01
9.565278887748718262e-02,1.814505195617675781e+01
8.617246150970458984e-02,1.877606010437011719e+01
7.916731387376785278e-02,1.899271011352539062e+01
8.232058584690093994e-02,1.871027374267578125e+01
7.976815104484558105e-02,1.862263870239257812e+01
7.126008719205856323e-02,1.944632339477539062e+01
6.743080168962478638e-02,2.021365737915039062e+01
7.219117134809494019e-02,1.945241546630859375e+01
7.515934854745864868e-02,1.837574005126953125e+01
6.642568856477737427e-02,1.895711517333984375e+01
6.308774650096893311e-02,2.002562904357910156e+01
5.780548974871635437e-02,2.047761917114257812e+01
5.714304745197296143e-02,2.014246940612792969e+01
6.318810582160949707e-02,1.932762908935546875e+01
6.272095441818237305e-02,1.880617141723632812e+01
6.445118784904479980e-02,1.940955352783203125e+01
5.723991990089416504e-02,2.007687950134277344e+01
5.789745971560478210e-02,1.996652984619140625e+01
5.857244879007339478e-02,1.965155792236328125e+01
6.306112557649612427e-02,1.919272804260253906e+01
7.233382761478424072e-02,1.843977165222167969e+01
9.570875763893127441e-02,1.694498062133789062e+01
1.638230532407760620e-01,1.490413761138916016e+01
2.058596909046173096e-01,1.651417541503906250e+01
2.209794670343399048e-01,1.741624641418457031e+01
2.386534810066223145e-01,1.735157203674316406e+01
2.987399101257324219e-01,1.621867370605468750e+01
4.083421230316162109e-01,1.317614173889160156e+01
4.755873680114746094e-01,1.471182250976562500e+01
9.658579230308532715e-01,1.464039802551269531e+01
1.988528490066528320e+00,1.981753540039062500e+01
1.856967449188232422e+00,2.024718475341796875e+01
1.295369982719421387e+00,1.963309097290039062e+01
8.542771339416503906e-01,2.288397789001464844e+01
6.517925262451171875e-01,2.238285827636718750e+01
1.203386664390563965e+00,3.463516998291015625e+01
2.250624656677246094e+00,2.594164848327636719e+01
2.305717468261718750e+00,1.958156967163085938e+01
2.470862150192260742e+00,1.956416511535644531e+01
1.271332740783691406e+00,2.051850891113281250e+01
5.770931243896484375e-01,1.768195533752441406e+01
5.164425969123840332e-01,1.684897994995117188e+01
5.939856767654418945e-01,1.726737213134765625e+01
7.872872352600097656e-01,1.587294292449951172e+01
8.347979187965393066e-01,1.623188209533691406e+01
7.633441090583801270e-01,1.540026950836181641e+01
5.590728521347045898e-01,1.533068466186523438e+01
4.445003569126129150e-01,1.712295913696289062e+01
3.725263178348541260e-01,1.693313980102539062e+01
4.045456349849700928e-01,1.455120849609375000e+01
4.704478085041046143e-01,1.551563072204589844e+01
6.176873445510864258e-01,1.501395797729492188e+01
7.861489653587341309e-01,1.288942623138427734e+01
9.697702527046203613e-01,1.459468078613281250e+01
8.639138340950012207e-01,1.610894775390625000e+01
7.100675106048583984e-01,1.893932914733886719e+01
6.706005930900573730e-01,2.159263610839843750e+01
7.796478867530822754e-01,1.865918731689453125e+01
9.232023358345031738e-01,1.620535278320312500e+01
1.096371889114379883e+00,1.528305435180664062e+01
1.129752397537231445e+00,1.571590995788574219e+01
1.077954292297363281e+00,1.766797065734863281e+01
1.119510173797607422e+00,1.628949737548828125e+01
1.228093147277832031e+00,1.734046745300292969e+01
1.144603133201599121e+00,1.773419570922851562e+01
1.234553813934326172e+00,1.465596961975097656e+01
1.347121477127075195e+00,1.444434165954589844e+01
1.327149868011474609e+00,1.473502635955810547e+01
1.190703153610229492e+00,1.318252277374267578e+01
1.162120938301086426e+00,1.371108055114746094e+01
1.149625897407531738e+00,1.231864643096923828e+01
9.712575674057006836e-01,1.525030517578125000e+01
1.094311952590942383e+00,1.448679733276367188e+01
1.206210970878601074e+00,1.636431121826171875e+01
1.216715335845947266e+00,1.450596714019775391e+01
1.060870885848999023e+00,1.495221900939941406e+01
8.826215267181396484e-01,1.574258422851562500e+01
8.459389209747314453e-01,1.313854980468750000e+01
7.959406971931457520e-01,1.474223899841308594e+01
8.919205069541931152e-01,1.429004573822021484e+01
9.967062473297119141e-01,1.263095474243164062e+01
1.152994871139526367e+00,1.467091751098632812e+01
1.415291309356689453e+00,1.303024482727050781e+01
1.775928974151611328e+00,1.313339900970458984e+01
1.852995514869689941e+00,1.231929016113281250e+01
1.758316993713378906e+00,1.254275894165039062e+01
1.571106553077697754e+00,1.437175655364990234e+01
1.628415822982788086e+00,1.478010177612304688e+01
1.592472672462463379e+00,1.564799308776855469e+01
1.833188652992248535e+00,1.473778438568115234e+01
1.635940194129943848e+00,1.717469406127929688e+01
1.161348938941955566e+00,1.797534370422363281e+01
8.752652406692504883e-01,1.681162834167480469e+01
5.945743322372436523e-01,1.855410766601562500e+01
6.085473299026489258e-01,1.752400970458984375e+01
4.685570001602172852e-01,1.945135879516601562e+01
4.750788807868957520e-01,1.616408157348632812e+01
4.825012683868408203e-01,1.791297340393066406e+01
5.936655402183532715e-01,1.628069686889648438e+01
7.775458693504333496e-01,1.379145908355712891e+01
9.853090047836303711e-01,1.291126728057861328e+01
9.470825195312500000e-01,1.281701469421386719e+01
9.590306282043457031e-01,1.238933372497558594e+01
9.995115995407104492e-01,1.307890892028808594e+01
1.099160909652709961e+00,1.213631439208984375e+01
1.496311545372009277e+00,1.353066539764404297e+01
1.719165921211242676e+00,1.481867599487304688e+01
1.837219238281250000e+00,1.447768020629882812e+01
1.759295940399169922e+00,1.576781463623046875e+01
1.537382483482360840e+00,1.426180839538574219e+01
1.345588207244873047e+00,1.590552616119384766e+01
1.302254796028137207e+00,1.591458415985107422e+01
1.240581512451171875e+00,1.399599838256835938e+01
1.061365962028503418e+00,1.555255889892578125e+01
1.043854236602783203e+00,1.653986167907714844e+01
1.186768412590026855e+00,1.554360103607177734e+01
1.340599060058593750e+00,1.597385597229003906e+01
1.485218524932861328e+00,1.411965560913085938e+01
1.794367074966430664e+00,1.365048694610595703e+01
1.875271320343017578e+00,1.378354835510253906e+01
1.934385061264038086e+00,1.507267189025878906e+01
1.919722318649291992e+00,1.398863410949707031e+01
2.181733608245849609e+00,1.304865169525146484e+01
2.631659507751464844e+00,1.312125015258789062e+01
2.527272462844848633e+00,1.633591270446777344e+01
2.477325201034545898e+00,1.181282424926757812e+01
2.285119056701660156e+00,1.246675586700439453e+01
2.172854900360107422e+00,1.327070522308349609e+01
2.269499540328979492e+00,1.059033203125000000e+01
1.939473628997802734e+00,1.455373382568359375e+01
1.555915951728820801e+00,1.257011795043945312e+01
1.290649890899658203e+00,1.526566886901855469e+01
1.231886267662048340e+00,1.207474040985107422e+01
1.231460809707641602e+00,1.245334053039550781e+01
1.311007261276245117e+00,1.196960449218750000e+01
1.362939000129699707e+00,1.115914535522460938e+01
1.128770232200622559e+00,1.245823860168457031e+01
1.086292862892150879e+00,1.211238670349121094e+01
1.062439799308776855e+00,1.208142280578613281e+01
1.158394932746887207e+00,1.179192352294921875e+01
1.199061155319213867e+00,1.211778736114501953e+01
1.159292697906494141e+00,1.188950443267822266e+01
1.141164660453796387e+00,1.221398639678955078e+01
1.291917800903320312e+00,1.216991710662841797e+01
1.680770874023437500e+00,1.160112380981445312e+01
1.894903182983398438e+00,1.373267173767089844e+01
1.481599688529968262e+00,1.485697364807128906e+01
1.137147665023803711e+00,1.455425834655761719e+01
9.629755616188049316e-01,1.588897323608398438e+01
1.039959907531738281e+00,1.570390319824218750e+01
1.319563150405883789e+00,1.352766990661621094e+01
1.479879856109619141e+00,1.193377685546875000e+01
1.673353433609008789e+00,1.132300567626953125e+01
1.590098381042480469e+00,1.117015933990478516e+01
1.165964722633361816e+00,1.182711410522460938e+01
8.480263948440551758e-01,1.386862945556640625e+01
7.844636440277099609e-01,1.343282413482666016e+01
7.403458952903747559e-01,1.444728851318359375e+01
6.879940629005432129e-01,1.500167369842529297e+01
8.811823129653930664e-01,1.259069633483886719e+01
8.826351165771484375e-01,1.323733711242675781e+01
9.688343405723571777e-01,1.242359352111816406e+01
1.046484112739562988e+00,1.222915840148925781e+01
1.124600052833557129e+00,1.174364185333251953e+01
1.216103196144104004e+00,1.192008018493652344e+01
1.531120538711547852e+00,1.087648868560791016e+01
1.948140382766723633e+00,1.086951637268066406e+01
2.054118156433105469e+00,9.946395874023437500e+00
1.891636252403259277e+00,1.148796176910400391e+01
1.437150120735168457e+00,1.240799999237060547e+01
1.199641942977905273e+00,1.184995079040527344e+01
1.079117655754089355e+00,1.383524894714355469e+01
1.198336601257324219e+00,1.562848663330078125e+01
1.214423179626464844e+00,1.453569602966308594e+01
1.139927148818969727e+00,1.718473052978515625e+01
1.044648170471191406e+00,1.889018058776855469e+01
9.259884357452392578e-01,2.174053573608398438e+01
8.962621688842773438e-01,2.088896560668945312e+01
9.512434005737304688e-01,2.058549690246582031e+01
9.070394039154052734e-01,2.151525688171386719e+01
1.009639382362365723e+00,2.097992324829101562e+01
1.056818962097167969e+00,1.761845970153808594e+01
8.905222415924072266e-01,1.644963455200195312e+01
1.012702345848083496e+00,1.448248386383056641e+01
1.559964776039123535e+00,1.086852264404296875e+01
1.429916858673095703e+00,1.239453315734863281e+01
8.114023804664611816e-01,1.355883979797363281e+01
4.463192224502563477e-01,1.495078849792480469e+01
3.628491461277008057e-01,1.515574932098388672e+01
4.020534455776214600e-01,1.554085063934326172e+01
5.508327484130859375e-01,1.485492706298828125e+01
7.323650121688842773e-01,1.363069725036621094e+01
7.652750015258789062e-01,1.517322158813476562e+01
7.663476467132568359e-01,1.588360309600830078e+01
7.883918285369873047e-01,1.470152091979980469e+01
6.786224246025085449e-01,1.630286598205566406e+01
7.640525698661804199e-01,1.617466163635253906e+01
7.723705172538757324e-01,1.503710937500000000e+01
9.957154989242553711e-01,1.435141277313232422e+01
7.259702682495117188e-01,1.429674053192138672e+01
6.835572123527526855e-01,1.445994567871093750e+01
6.220262646675109863e-01,1.690368652343750000e+01
6.915404796600341797e-01,1.603939437866210938e+01
9.633235931396484375e-01,1.588199806213378906e+01
1.259277582168579102e+00,1.547201156616210938e+01
1.314253449440002441e+00,1.551527404785156250e+01
1.212509155273437500e+00,1.763505935668945312e+01
8.465958833694458008e-01,1.819766616821289062e+01
1.029219388961791992e+00,1.508813953399658203e+01
9.900447726249694824e-01,1.542975616455078125e+01
1.284416556358337402e+00,1.692091369628906250e+01
1.197736740112304688e+00,1.759618759155273438e+01
9.054058194160461426e-01,1.732627105712890625e+01
1.015546441078186035e+00,1.592292881011962891e+01
1.280336976051330566e+00,1.546069908142089844e+01
1.422040224075317383e+00,1.710179519653320312e+01
1.525229573249816895e+00,1.704237747192382812e+01
1.548203110694885254e+00,1.434233093261718750e+01
1.327373266220092773e+00,1.502356147766113281e+01
1.115652680397033691e+00,1.493922328948974609e+01
1.062838077545166016e+00,1.368323230743408203e+01
1.122117757797241211e+00,1.412649536132812500e+01
1.187079668045043945e+00,1.256141090393066406e+01
1.182655811309814453e+00,1.205039978027343750e+01
1.111433386802673340e+00,1.290612316131591797e+01
1.176619291305541992e+00,1.166369438171386719e+01
1.241585493087768555e+00,1.297747802734375000e+01
1.217803597450256348e+00,1.285083389282226562e+01
1.036901354789733887e+00,1.310380554199218750e+01
9.010722637176513672e-01,1.506409835815429688e+01
7.944904565811157227e-01,1.648316955566406250e+01
6.268957853317260742e-01,1.858093452453613281e+01
6.164019107818603516e-01,1.778817367553710938e+01
6.204023361206054688e-01,1.905591773986816406e+01
6.735048890113830566e-01,1.905628585815429688e+01
8.018437623977661133e-01,1.783972549438476562e+01
8.004112243652343750e-01,1.951870155334472656e+01
9.133164882659912109e-01,1.838385391235351562e+01
1.005936741828918457e+00,1.891907119750976562e+01
1.213577985763549805e+00,2.017047882080078125e+01
1.328320980072021484e+00,1.999898910522460938e+01
1.424765348434448242e+00,1.738335800170898438e+01
1.361360192298889160e+00,1.726325035095214844e+01
1.338065147399902344e+00,1.671295928955078125e+01
1.139874458312988281e+00,1.510173606872558594e+01
1.073366522789001465e+00,1.506522369384765625e+01
9.783470034599304199e-01,1.540188503265380859e+01
1.310524940490722656e+00,1.271786689758300781e+01
1.905773758888244629e+00,1.188012886047363281e+01
2.248826980590820312e+00,1.113006877899169922e+01
2.221046447753906250e+00,1.155966854095458984e+01
1.935397744178771973e+00,1.282297897338867188e+01
1.408406734466552734e+00,1.363817501068115234e+01
1.296091079711914062e+00,1.471553230285644531e+01
1.309514760971069336e+00,1.508959197998046875e+01
1.346813917160034180e+00,1.447268772125244141e+01
1.204112172126770020e+00,1.410804939270019531e+01
1.102194070816040039e+00,1.597875785827636719e+01
9.891940355300903320e-01,1.375589752197265625e+01
9.195170998573303223e-01,1.407662010192871094e+01
8.773559331893920898e-01,1.443323707580566406e+01
8.656431436538696289e-01,1.504882621765136719e+01
8.272058963775634766e-01,1.342700004577636719e+01
1.005478501319885254e+00,1.322695636749267578e+01
1.257684946060180664e+00,1.236532306671142578e+01
1.321255445480346680e+00,1.195389270782470703e+01
1.390012025833129883e+00,1.177489280700683594e+01
1.720567584037780762e+00,1.109172534942626953e+01
1.865578889846801758e+00,1.162658500671386719e+01
2.341795444488525391e+00,1.132338905334472656e+01
2.500199794769287109e+00,1.220004081726074219e+01
1.975414633750915527e+00,1.066309738159179688e+01
1.807830095291137695e+00,1.254958724975585938e+01
1.514093875885009766e+00,1.207540893554687500e+01
1.658600807189941406e+00,1.370117568969726562e+01
1.327988624572753906e+00,1.557273483276367188e+01
1.147118330001831055e+00,1.714310455322265625e+01
9.317991733551025391e-01,1.482702064514160156e+01
8.841298818588256836e-01,1.713386154174804688e+01
8.098942041397094727e-01,1.865542030334472656e+01
7.324094772338867188e-01,1.479142665863037109e+01
6.611887216567993164e-01,1.959207916259765625e+01
7.390758991241455078e-01,1.530047798156738281e+01
7.979062795639038086e-01,2.013707160949707031e+01
9.964286088943481445e-01,1.567292785644531250e+01
8.901855945587158203e-01,1.771818733215332031e+01
9.888839125633239746e-01,1.614960479736328125e+01
9.859628677368164062e-01,1.608737373352050781e+01
1.081051349639892578e+00,1.566894912719726562e+01
1.006758213043212891e+00,1.512326431274414062e+01
1.004861593246459961e+00,1.671394729614257812e+01
1.037760138511657715e+00,1.363256454467773438e+01
9.660274982452392578e-01,1.541592884063720703e+01
1.030945420265197754e+00,1.522763633728027344e+01
1.130322813987731934e+00,1.297396278381347656e+01
1.179602265357971191e+00,1.360908222198486328e+01
1.144062995910644531e+00,1.427805233001708984e+01
1.224466562271118164e+00,1.298158454895019531e+01
1.324031829833984375e+00,1.355379104614257812e+01
1.368344664573669434e+00,1.421431732177734375e+01
1.412030696868896484e+00,1.346106529235839844e+01
1.462482213973999023e+00,1.403744697570800781e+01
1.516833066940307617e+00,1.358108043670654297e+01
1.723546504974365234e+00,1.350045013427734375e+01
1.814795732498168945e+00,1.341109752655029297e+01
1.867312192916870117e+00,1.328428077697753906e+01
1.895615458488464355e+00,1.351101398468017578e+01
1.949959039688110352e+00,1.302623462677001953e+01
1.839108824729919434e+00,1.274733734130859375e+01
1.614151000976562500e+00,1.266452217102050781e+01
1.445783853530883789e+00,1.368933773040771484e+01
1.224588394165039062e+00,1.394845294952392578e+01
1.259378194808959961e+00,1.399086380004882812e+01
1.122466802597045898e+00,1.489671516418457031e+01
1.276594758033752441e+00,1.523816204071044922e+01
1.239942789077758789e+00,1.322846031188964844e+01
1.172713637351989746e+00,1.484041881561279297e+01
1.146740674972534180e+00,1.459494018554687500e+01
1.235141277313232422e+00,1.349459075927734375e+01
1.300756216049194336e+00,1.330128669738769531e+01
1.321990966796875000e+00,1.506555843353271484e+01
1.230876207351684570e+00,1.404575729370117188e+01
1.141073584556579590e+00,1.427106761932373047e+01
1.158322811126708984e+00,1.450745105743408203e+01
1.124495625495910645e+00,1.555650424957275391e+01
1.092980861663818359e+00,1.571264076232910156e+01
1.021578907966613770e+00,1.487427902221679688e+01
1.032775759696960449e+00,1.566272926330566406e+01
1.022473454475402832e+00,1.698455810546875000e+01
1.203381657600402832e+00,1.333118057250976562e+01
1.465814232826232910e+00,1.338821411132812500e+01
1.488607406616210938e+00,1.496533966064453125e+01
1.554187059402465820e+00,1.360402297973632812e+01
1.611400604248046875e+00,1.233711814880371094e+01
1.606279373168945312e+00,1.512994575500488281e+01
1.516161680221557617e+00,1.205115699768066406e+01
1.608936786651611328e+00,1.338079738616943359e+01
1.464972615242004395e+00,1.366774368286132812e+01
1.513034224510192871e+00,1.342406368255615234e+01
1.438614606857299805e+00,1.258923244476318359e+01
1.458706140518188477e+00,1.375137138366699219e+01
1.387521147727966309e+00,1.169726848602294922e+01
1.271805882453918457e+00,1.423882579803466797e+01
1.157335877418518066e+00,1.309321117401123047e+01
9.813094139099121094e-01,1.505199623107910156e+01
7.880918979644775391e-01,1.707303619384765625e+01
6.951488852500915527e-01,1.582704830169677734e+01
5.969446897506713867e-01,1.616461181640625000e+01
6.115892529487609863e-01,1.792700958251953125e+01
7.096250653266906738e-01,1.578578186035156250e+01
7.484123706817626953e-01,1.557967376708984375e+01
8.617597222328186035e-01,1.611624145507812500e+01
7.949224710464477539e-01,1.581229686737060547e+01
8.669668436050415039e-01,1.522674846649169922e+01
8.893127441406250000e-01,1.558953571319580078e+01
9.219363331794738770e-01,1.560767936706542969e+01
1.089221000671386719e+00,1.496965980529785156e+01
1.194139957427978516e+00,1.506659317016601562e+01
1.391392350196838379e+00,1.440140151977539062e+01
1.409055471420288086e+00,1.307364368438720703e+01
1.581087708473205566e+00,1.295971488952636719e+01
1.831968426704406738e+00,1.272252655029296875e+01
2.196132898330688477e+00,9.914736747741699219e+00
2.044105052947998047e+00,1.185909843444824219e+01
2.266253948211669922e+00,1.253145122528076172e+01
2.034320116043090820e+00,1.213348770141601562e+01
1.639828920364379883e+00,1.484529590606689453e+01
1.316434860229492188e+00,1.318580722808837891e+01
1.260646104812622070e+00,1.392299079895019531e+01
1.163540720939636230e+00,1.304798030853271484e+01
1.197404980659484863e+00,1.307284259796142578e+01
1.123944997787475586e+00,1.426466083526611328e+01
1.018517971038818359e+00,1.492907333374023438e+01
9.737161993980407715e-01,1.321169090270996094e+01
9.554580450057983398e-01,1.387125396728515625e+01
8.283176422119140625e-01,1.555610752105712891e+01
7.912634611129760742e-01,1.353051471710205078e+01
8.868937492370605469e-01,1.337351131439208984e+01
8.418227434158325195e-01,1.481012725830078125e+01
8.786253929138183594e-01,1.338523483276367188e+01
8.843160271644592285e-01,1.289807510375976562e+01
9.641119241714477539e-01,1.415846920013427734e+01
1.018518924713134766e+00,1.354722785949707031e+01
9.940718412399291992e-01,1.244122791290283203e+01
9.936802387237548828e-01,1.486787414550781250e+01
9.083501100540161133e-01,1.332165145874023438e+01
9.262716174125671387e-01,1.349149513244628906e+01
8.219546675682067871e-01,1.484555625915527344e+01
8.355717658996582031e-01,1.314353656768798828e+01
7.478075027465820312e-01,1.440384769439697266e+01
7.411266565322875977e-01,1.382382106781005859e+01
7.985352277755737305e-01,1.458657073974609375e+01
8.378328084945678711e-01,1.287308979034423828e+01
8.419526219367980957e-01,1.485416507720947266e+01
8.023182153701782227e-01,1.215226936340332031e+01
7.998932600021362305e-01,1.459047317504882812e+01
7.953040599822998047e-01,1.370740318298339844e+01
7.687623500823974609e-01,1.265254783630371094e+01
8.252455592155456543e-01,1.341543006896972656e+01
8.848613500595092773e-01,1.300285339355468750e+01
8.220106959342956543e-01,1.359663295745849609e+01
8.943969607353210449e-01,1.242760658264160156e+01
9.214278459548950195e-01,1.201001548767089844e+01
1.072578907012939453e+00,1.254175376892089844e+01
1.053742527961730957e+00,1.216820716857910156e+01
1.125521659851074219e+00,1.278341484069824219e+01
1.170364737510681152e+00,1.131744384765625000e+01
1.209909319877624512e+00,1.198469066619873047e+01
1.344592571258544922e+00,1.164371395111083984e+01
1.412172675132751465e+00,1.165827846527099609e+01
1.353818535804748535e+00,1.161131191253662109e+01
1.390268087387084961e+00,1.235106849670410156e+01
1.469563007354736328e+00,1.225885772705078125e+01
1.357554912567138672e+00,1.454819869995117188e+01
1.207406878471374512e+00,1.219448661804199219e+01
1.126882791519165039e+00,1.436735916137695312e+01
1.030051827430725098e+00,1.340572738647460938e+01
1.044351577758789062e+00,1.426444244384765625e+01
9.728094339370727539e-01,1.445316505432128906e+01
9.687404632568359375e-01,1.442984199523925781e+01
7.620009183883666992e-01,1.594452667236328125e+01
7.349858880043029785e-01,1.520823669433593750e+01
7.578513026237487793e-01,1.625190353393554688e+01
7.415460348129272461e-01,1.387900733947753906e+01
7.261977791786193848e-01,1.708758354187011719e+01
7.554212212562561035e-01,1.480904579162597656e+01
7.071198225021362305e-01,1.520493888854980469e+01
7.388288378715515137e-01,1.539224433898925781e+01
7.456868886947631836e-01,1.426754951477050781e+01
6.964108943939208984e-01,1.485273838043212891e+01
7.317388057708740234e-01,1.560437488555908203e+01
6.938803195953369141e-01,1.442054271697998047e+01
7.354612946510314941e-01,1.402968406677246094e+01
7.107622623443603516e-01,1.501877689361572266e+01
6.608253717422485352e-01,1.384121894836425781e+01
6.921734809875488281e-01,1.451539802551269531e+01
6.674792766571044922e-01,1.482197856903076172e+01
7.232289314270019531e-01,1.359335136413574219e+01
7.489698529243469238e-01,1.305137634277343750e+01
7.337949872016906738e-01,1.458082199096679688e+01
8.513691425323486328e-01,1.307924842834472656e+01
7.839112281799316406e-01,1.342533874511718750e+01
8.188186287879943848e-01,1.325575256347656250e+01
7.791079282760620117e-01,1.575160121917724609e+01
8.705681562423706055e-01,1.240012836456298828e+01
1.021064519882202148e+00,1.345319938659667969e+01
1.191213130950927734e+00,1.276668930053710938e+01
1.378746032714843750e+00,1.133231258392333984e+01
1.464547514915466309e+00,1.284974288940429688e+01
1.304967522621154785e+00,1.320614051818847656e+01
1.183578252792358398e+00,1.327323627471923828e+01
1.157085418701171875e+00,1.365795898437500000e+01
1.123726606369018555e+00,1.356374168395996094e+01
1.128878712654113770e+00,1.299307537078857422e+01
1.188868045806884766e+00,1.341563796997070312e+01
1.266527652740478516e+00,1.332791519165039062e+01
1.284902453422546387e+00,1.292571449279785156e+01
1.236895322799682617e+00,1.252043437957763672e+01
1.147437095642089844e+00,1.285305786132812500e+01
1.096739053726196289e+00,1.335377502441406250e+01
1.095834970474243164e+00,1.240865325927734375e+01
9.488406181335449219e-01,1.386303234100341797e+01
8.642848730087280273e-01,1.306089496612548828e+01
7.086541652679443359e-01,1.349168968200683594e+01
5.958448052406311035e-01,1.413535308837890625e+01
6.089751720428466797e-01,1.346100807189941406e+01
6.161181330680847168e-01,1.412420368194580078e+01
6.002256870269775391e-01,1.408213615417480469e+01
6.368023157119750977e-01,1.386860942840576172e+01
7.158622145652770996e-01,1.357010078430175781e+01
7.383701801300048828e-01,1.383269500732421875e+01
8.107425570487976074e-01,1.257332801818847656e+01
1.028510928153991699e+00,1.288140487670898438e+01
1.166755676269531250e+00,1.305074310302734375e+01
1.170047521591186523e+00,1.525538063049316406e+01
1.100986480712890625e+00,1.304217529296875000e+01
8.873709440231323242e-01,1.307724475860595703e+01
7.008612751960754395e-01,1.507285976409912109e+01
8.326036334037780762e-01,1.476171588897705078e+01
1.106901288032531738e+00,1.177160835266113281e+01
1.383379697799682617e+00,1.145486068725585938e+01
1.716916322708129883e+00,1.087705421447753906e+01
1.585616588592529297e+00,1.036200332641601562e+01
1.430768370628356934e+00,1.220695114135742188e+01
1.350973486900329590e+00,1.156039905548095703e+01
1.422070264816284180e+00,1.120588684082031250e+01
1.587353706359863281e+00,1.171200752258300781e+01
1.689573764801025391e+00,1.116125297546386719e+01
1.780707120895385742e+00,1.115257453918457031e+01
1.914321422576904297e+00,1.063588714599609375e+01
1.759103655815124512e+00,1.084965610504150391e+01
1.519134163856506348e+00,1.090476512908935547e+01
1.349742889404296875e+00,1.265598869323730469e+01
1.274798274040222168e+00,1.088699913024902344e+01
1.156074166297912598e+00,1.326490974426269531e+01
1.146228551864624023e+00,1.144374084472656250e+01
1.130102157592773438e+00,1.265551567077636719e+01
1.106014728546142578e+00,1.183028507232666016e+01
1.046074628829956055e+00,1.267106628417968750e+01
1.073212265968322754e+00,1.114391517639160156e+01
1.121340870857238770e+00,1.279619407653808594e+01
1.157429337501525879e+00,1.107378482818603516e+01
1.125313997268676758e+00,1.203465747833251953e+01
1.228724122047424316e+00,1.338756847381591797e+01
1.323895215988159180e+00,1.225761413574218750e+01
1.125888466835021973e+00,1.281500053405761719e+01
1.281335830688476562e+00,1.254523277282714844e+01
1.210016131401062012e+00,1.406791496276855469e+01
1.392304778099060059e+00,1.079141616821289062e+01
1.513667821884155273e+00,1.162970638275146484e+01
1.692984342575073242e+00,1.134806823730468750e+01
1.557177782058715820e+00,1.163586807250976562e+01
1.415850877761840820e+00,1.181941986083984375e+01
1.479061365127563477e+00,1.360048103332519531e+01
1.401193857192993164e+00,1.202646064758300781e+01
1.367941498756408691e+00,1.261724948883056641e+01
1.370972752571105957e+00,1.516203975677490234e+01
1.299405694007873535e+00,1.488412857055664062e+01
1.489713549613952637e+00,1.426479530334472656e+01
1.708469510078430176e+00,1.367850208282470703e+01
1.976536870002746582e+00,1.349793624877929688e+01
2.188779830932617188e+00,1.273962974548339844e+01
2.419186830520629883e+00,1.424036788940429688e+01
2.396447896957397461e+00,1.194531917572021484e+01
2.274147510528564453e+00,1.337214756011962891e+01
2.162674665451049805e+00,1.202958297729492188e+01
1.924643993377685547e+00,1.209344482421875000e+01
1.727196574211120605e+00,1.157444381713867188e+01
1.532009363174438477e+00,1.261913204193115234e+01
1.282053709030151367e+00,1.281730461120605469e+01
1.089972376823425293e+00,1.209785461425781250e+01
1.052530050277709961e+00,1.479630947113037109e+01
8.873124718666076660e-01,1.191124248504638672e+01
9.619716405868530273e-01,1.455763626098632812e+01
8.569254875183105469e-01,1.370196628570556641e+01
8.488484621047973633e-01,1.398053264617919922e+01
8.431358933448791504e-01,1.212663078308105469e+01
7.798410058021545410e-01,1.565630912780761719e+01
7.927852272987365723e-01,1.206937885284423828e+01
7.578426599502563477e-01,1.359269809722900391e+01
7.838065028190612793e-01,1.299138259887695312e+01
8.479386568069458008e-01,1.220890903472900391e+01
1.104089021682739258e+00,1.077044200897216797e+01
1.184854030609130859e+00,1.142294979095458984e+01
1.298758506774902344e+00,1.025532150268554688e+01
1.192374110221862793e+00,1.054117202758789062e+01
1.080760717391967773e+00,1.118285751342773438e+01
8.759711384773254395e-01,1.146010494232177734e+01
7.083172798156738281e-01,1.344731044769287109e+01
8.181318044662475586e-01,1.225799369812011719e+01
9.835029244422912598e-01,1.125785636901855469e+01
1.106239318847656250e+00,1.238175582885742188e+01
1.203341603279113770e+00,1.270775222778320312e+01
1.213887929916381836e+00,1.188569259643554688e+01
1.315235376358032227e+00,1.105349445343017578e+01
1.352031588554382324e+00,1.381719207763671875e+01
1.285983085632324219e+00,1.298847770690917969e+01
1.253208041191101074e+00,1.161034584045410156e+01
1.557945847511291504e+00,1.168849658966064453e+01
1.781717300415039062e+00,1.410179805755615234e+01
1.745964884757995605e+00,1.412036895751953125e+01
1.740577220916748047e+00,1.064455127716064453e+01
1.710928559303283691e+00,1.207466983795166016e+01
2.002629280090332031e+00,1.073488998413085938e+01
1.952803373336791992e+00,1.299729919433593750e+01
1.939107894897460938e+00,1.347272872924804688e+01
1.582344532012939453e+00,1.273728370666503906e+01
1.635762333869934082e+00,1.314430236816406250e+01
1.639244437217712402e+00,1.103640556335449219e+01
1.740448474884033203e+00,1.368124198913574219e+01
1.854924559593200684e+00,1.169284439086914062e+01
1.534955978393554688e+00,1.464680671691894531e+01
1.480795264244079590e+00,1.197255706787109375e+01
1.464022040367126465e+00,1.417919635772705078e+01
1.579288482666015625e+00,1.476685142517089844e+01
1.724989295005798340e+00,1.152956390380859375e+01
1.833529829978942871e+00,1.214426040649414062e+01
1.984749913215637207e+00,1.187066364288330078e+01
2.095250606536865234e+00,1.177167701721191406e+01
1.943094372749328613e+00,1.147819709777832031e+01
1.998938083648681641e+00,1.209538459777832031e+01
1.987693667411804199e+00,1.324531173706054688e+01
2.161911249160766602e+00,1.402303886413574219e+01
1.843088984489440918e+00,1.234476280212402344e+01
1.844447135925292969e+00,1.199742698669433594e+01
1.616999626159667969e+00,1.479710674285888672e+01
1.621631860733032227e+00,1.173381519317626953e+01
1.557027101516723633e+00,1.219369792938232422e+01
1.507025837898254395e+00,1.172496414184570312e+01
1.434175252914428711e+00,1.252365589141845703e+01
1.601361393928527832e+00,1.252271938323974609e+01
1.496031284332275391e+00,1.275058364868164062e+01
1.525664329528808594e+00,1.182593345642089844e+01
1.662543654441833496e+00,1.193379306793212891e+01
1.643823504447937012e+00,1.166215705871582031e+01
1.798898100852966309e+00,1.153530025482177734e+01
1.879353165626525879e+00,1.104240798950195312e+01
2.002709150314331055e+00,1.047583961486816406e+01
2.205982923507690430e+00,1.107142829895019531e+01
2.303795337677001953e+00,1.019587993621826172e+01
2.150658607482910156e+00,1.178946304321289062e+01
2.081474781036376953e+00,1.014657592773437500e+01
2.183577775955200195e+00,1.166563320159912109e+01
2.154133319854736328e+00,1.126802539825439453e+01
1.876476526260375977e+00,1.230523490905761719e+01
1.712157011032104492e+00,1.272859954833984375e+01
1.533552527427673340e+00,1.365381336212158203e+01
1.457541465759277344e+00,1.344192504882812500e+01
1.344546318054199219e+00,1.301329231262207031e+01
1.407215237617492676e+00,1.351817321777343750e+01
1.343160748481750488e+00,1.442445755004882812e+01
1.318004488945007324e+00,1.270226860046386719e+01
1.266648530960083008e+00,1.268611907958984375e+01
1.240012288093566895e+00,1.449468421936035156e+01
1.135665655136108398e+00,1.390713214874267578e+01
1.221931338310241699e+00,1.333396244049072266e+01
1.108396768569946289e+00,1.444017696380615234e+01
1.133403539657592773e+00,1.359878349304199219e+01
1.140720963478088379e+00,1.309944438934326172e+01
1.154775857925415039e+00,1.471185779571533203e+01
1.276081562042236328e+00,1.281905937194824219e+01
1.142962455749511719e+00,1.351521873474121094e+01
1.243790864944458008e+00,1.388160133361816406e+01
1.437947988510131836e+00,1.196917533874511719e+01
1.530359268188476562e+00,1.181158638000488281e+01
1.523393988609313965e+00,1.162123775482177734e+01
1.656741380691528320e+00,1.208633995056152344e+01
1.556187033653259277e+00,1.036121749877929688e+01
1.649160504341125488e+00,1.106802654266357422e+01
1.652235746383666992e+00,1.149453163146972656e+01
1.711085557937622070e+00,1.066546344757080078e+01
1.661807060241699219e+00,1.118912792205810547e+01
1.674587368965148926e+00,1.071757888793945312e+01
1.787755489349365234e+00,1.154903984069824219e+01
1.635015249252319336e+00,1.144483280181884766e+01
1.603613734245300293e+00,1.090900707244873047e+01
1.630535125732421875e+00,1.150062847137451172e+01
1.493046760559082031e+00,1.131029224395751953e+01
1.461151361465454102e+00,1.092777538299560547e+01
1.542884230613708496e+00,1.131333351135253906e+01
1.766825199127197266e+00,1.048765659332275391e+01
2.017132759094238281e+00,1.011900615692138672e+01
1.946284413337707520e+00,9.545728683471679688e+00
2.171405315399169922e+00,1.114759445190429688e+01
2.263192892074584961e+00,9.640993118286132812e+00
1.896731853485107422e+00,1.060154628753662109e+01
1.519438505172729492e+00,1.070066928863525391e+01
1.238969922065734863e+00,1.161582565307617188e+01
1.047351837158203125e+00,1.148768520355224609e+01
1.096818208694458008e+00,1.118750762939453125e+01
1.300985932350158691e+00,9.971534729003906250e+00
1.591872215270996094e+00,8.736577987670898438e+00
1.910142302513122559e+00,8.959079742431640625e+00
2.089788675308227539e+00,8.419561386108398438e+00
2.029598236083984375e+00,8.338831901550292969e+00
1.818928480148315430e+00,9.175449371337890625e+00
1.409495592117309570e+00,1.018958282470703125e+01
1.106311798095703125e+00,1.124675178527832031e+01
1.062239885330200195e+00,1.181700897216796875e+01
1.220930576324462891e+00,1.115237045288085938e+01
1.454633355140686035e+00,1.238365268707275391e+01
1.457263231277465820e+00,1.125882816314697266e+01
1.116818785667419434e+00,1.275970268249511719e+01
9.040125012397766113e-01,1.203543663024902344e+01
8.493431210517883301e-01,1.303545475006103516e+01
8.399902582168579102e-01,1.208326530456542969e+01
8.004242181777954102e-01,1.353098773956298828e+01
7.500728964805603027e-01,1.305457305908203125e+01
7.085424065589904785e-01,1.428023719787597656e+01
6.689196825027465820e-01,1.348148059844970703e+01
7.366833686828613281e-01,1.318172931671142578e+01
8.667609691619873047e-01,1.288709068298339844e+01
9.735621213912963867e-01,1.253935241699218750e+01
1.196213006973266602e+00,1.179928112030029297e+01
1.136943578720092773e+00,1.170151901245117188e+01
1.074084997177124023e+00,1.173787689208984375e+01
1.060541749000549316e+00,1.220327758789062500e+01
9.835054874420166016e-01,1.271471500396728516e+01
9.414608478546142578e-01,1.337424564361572266e+01
8.294700384140014648e-01,1.383419227600097656e+01
6.722086668014526367e-01,1.469695663452148438e+01
7.200339436531066895e-01,1.555791378021240234e+01
8.918600678443908691e-01,1.432563781738281250e+01
1.088524580001831055e+00,1.281632518768310547e+01
1.171228766441345215e+00,1.249004554748535156e+01
1.202629446983337402e+00,1.317305278778076172e+01
1.227671265602111816e+00,1.404598617553710938e+01
1.219999551773071289e+00,1.260031509399414062e+01
1.058038949966430664e+00,1.379521369934082031e+01
1.079951763153076172e+00,1.405023956298828125e+01
1.134911417961120605e+00,1.374017333984375000e+01
1.140833735466003418e+00,1.378989887237548828e+01
1.110521793365478516e+00,1.218687725067138672e+01
1.140217661857604980e+00,1.463083457946777344e+01
1.019872188568115234e+00,1.408253192901611328e+01
8.752875328063964844e-01,1.212148952484130859e+01
8.384788036346435547e-01,1.452238941192626953e+01
1.017613887786865234e+00,1.134883975982666016e+01
1.100918054580688477e+00,1.154628181457519531e+01
1.134786963462829590e+00,1.135937500000000000e+01
1.098195791244506836e+00,1.205747604370117188e+01
9.896828532218933105e-01,1.184778594970703125e+01
1.113953113555908203e+00,1.139788818359375000e+01
1.230457663536071777e+00,1.192470550537109375e+01
1.512365341186523438e+00,1.091349697113037109e+01
1.507861256599426270e+00,1.130103492736816406e+01
1.273719191551208496e+00,1.118703460693359375e+01
1.462397336959838867e+00,1.096437072753906250e+01
1.546014904975891113e+00,1.038283920288085938e+01
1.537393689155578613e+00,1.095313644409179688e+01
1.279595613479614258e+00,1.220150184631347656e+01
1.123214006423950195e+00,1.357427597045898438e+01
9.217349290847778320e-01,1.429992485046386719e+01
1.028859376907348633e+00,1.433750820159912109e+01
1.302167892456054688e+00,1.250430202484130859e+01
1.517662286758422852e+00,1.200043869018554688e+01
1.682712674140930176e+00,1.211297988891601562e+01
1.632520198822021484e+00,1.058964347839355469e+01
1.719812154769897461e+00,1.053375244140625000e+01
1.725665926933288574e+00,1.157149124145507812e+01
1.536486744880676270e+00,1.153210639953613281e+01
1.613665103912353516e+00,1.111974811553955078e+01
1.858598709106445312e+00,1.048087120056152344e+01
2.086911201477050781e+00,1.119081878662109375e+01
2.247136116027832031e+00,1.238668251037597656e+01
2.139787673950195312e+00,1.288060665130615234e+01
1.271122694015502930e+00,1.697290611267089844e+01
1.222316384315490723e+00,1.161267757415771484e+01
1.335008144378662109e+00,1.193128395080566406e+01
1.974183559417724609e+00,1.072973251342773438e+01
2.062730550765991211e+00,1.135641098022460938e+01
2.017628192901611328e+00,1.072179412841796875e+01
1.716460824012756348e+00,1.180120372772216797e+01
1.541188120841979980e+00,1.245998764038085938e+01
1.374737381935119629e+00,1.244157886505126953e+01
1.228818655014038086e+00,1.319996166229248047e+01
1.124748706817626953e+00,1.454688072204589844e+01
1.116274476051330566e+00,1.259773063659667969e+01
1.223639726638793945e+00,1.399490451812744141e+01
1.513565778732299805e+00,1.240515804290771484e+01
1.527563691139221191e+00,1.161633396148681641e+01
1.764980077743530273e+00,1.288266372680664062e+01
1.759578943252563477e+00,1.080000495910644531e+01
1.855937600135803223e+00,1.262429809570312500e+01
1.897212266921997070e+00,1.255498504638671875e+01
2.361864089965820312e+00,1.043153572082519531e+01
2.587489604949951172e+00,9.794778823852539062e+00
2.793876886367797852e+00,9.379583358764648438e+00
2.996757030487060547e+00,8.422255516052246094e+00
2.949178218841552734e+00,9.128797531127929688e+00
2.313572645187377930e+00,9.658790588378906250e+00
1.722908139228820801e+00,1.107951736450195312e+01
1.549962639808654785e+00,1.099898147583007812e+01
1.756233215332031250e+00,1.068216133117675781e+01
1.946891307830810547e+00,8.947639465332031250e+00
2.011302947998046875e+00,1.110084533691406250e+01
1.760116457939147949e+00,1.063245010375976562e+01
1.682442903518676758e+00,1.115562248229980469e+01
1.749090194702148438e+00,1.008298206329345703e+01
1.842071890830993652e+00,1.170779514312744141e+01
2.012905120849609375e+00,1.023911666870117188e+01
2.068286657333374023e+00,1.129540824890136719e+01
2.175255060195922852e+00,1.049315929412841797e+01
1.679129719734191895e+00,1.423021697998046875e+01
1.461749553680419922e+00,1.384772586822509766e+01
1.373096108436584473e+00,1.528016853332519531e+01
1.419671177864074707e+00,1.467826843261718750e+01
1.421725511550903320e+00,1.471769714355468750e+01
1.608239412307739258e+00,1.429994392395019531e+01
1.729120969772338867e+00,1.462978267669677734e+01
1.797007799148559570e+00,1.472018051147460938e+01
1.612336397171020508e+00,1.574581909179687500e+01
1.627195119857788086e+00,1.527196311950683594e+01
1.653524518013000488e+00,1.420608234405517578e+01
1.714057207107543945e+00,1.444684886932373047e+01
1.880176782608032227e+00,1.233755493164062500e+01
1.875517606735229492e+00,1.214480590820312500e+01
1.790109634399414062e+00,1.124093055725097656e+01
2.493995189666748047e+00,1.000998210906982422e+01
2.942443847656250000e+00,8.390647888183593750e+00
3.018546819686889648e+00,7.562222003936767578e+00
2.555710792541503906e+00,1.000276947021484375e+01
2.096245765686035156e+00,1.123329353332519531e+01
2.140754461288452148e+00,1.180248832702636719e+01
1.880333304405212402e+00,1.287733554840087891e+01
1.400048494338989258e+00,1.114035606384277344e+01
1.467497944831848145e+00,1.696816253662109375e+01
1.515286922454833984e+00,1.191344451904296875e+01
1.511344909667968750e+00,1.729082107543945312e+01
1.599546432495117188e+00,1.286250114440917969e+01
1.687272071838378906e+00,1.425981521606445312e+01
2.040368080139160156e+00,1.397933769226074219e+01
2.235822200775146484e+00,1.104545307159423828e+01
1.975880503654479980e+00,1.135547065734863281e+01
1.595584392547607422e+00,1.275142574310302734e+01
1.413943886756896973e+00,1.194334602355957031e+01
1.360498428344726562e+00,1.307568168640136719e+01
1.014716506004333496e+00,1.407199954986572266e+01
8.833152651786804199e-01,1.339429950714111328e+01
9.200158119201660156e-01,1.410079860687255859e+01
1.240893840789794922e+00,1.311370086669921875e+01
1.815552234649658203e+00,1.213106155395507812e+01
2.120595932006835938e+00,1.019297409057617188e+01
2.117388248443603516e+00,1.081643009185791016e+01
1.868222832679748535e+00,1.074508857727050781e+01
1.721863031387329102e+00,1.199104404449462891e+01
1.662783145904541016e+00,1.150247764587402344e+01
1.904447913169860840e+00,1.174098205566406250e+01
1.801372647285461426e+00,1.218187713623046875e+01
1.596144795417785645e+00,1.097103309631347656e+01
1.598626971244812012e+00,1.363744163513183594e+01
1.509079813957214355e+00,1.100564002990722656e+01
1.579003334045410156e+00,1.204727935791015625e+01
1.683189630508422852e+00,1.116519927978515625e+01
1.352671861648559570e+00,1.160862922668457031e+01
1.336477518081665039e+00,1.197232913970947266e+01
1.356103658676147461e+00,1.253968334197998047e+01
1.254245638847351074e+00,1.356498908996582031e+01
1.313121795654296875e+00,1.110040950775146484e+01
1.258357882499694824e+00,1.189174270629882812e+01
1.314198613166809082e+00,1.136491775512695312e+01
1.287608981132507324e+00,1.276788616180419922e+01
1.302021622657775879e+00,1.310736465454101562e+01
1.083645820617675781e+00,1.292698287963867188e+01
9.511858224868774414e-01,1.483345222473144531e+01
1.050003290176391602e+00,1.466956996917724609e+01
1.106606960296630859e+00,1.362295246124267578e+01
1.402399063110351562e+00,1.286351871490478516e+01
1.651102781295776367e+00,1.202390289306640625e+01
1.595710992813110352e+00,1.170731544494628906e+01
1.534971714019775391e+00,1.268945598602294922e+01
1.774297237396240234e+00,1.085990047454833984e+01
2.236855030059814453e+00,1.045846843719482422e+01
2.531506061553955078e+00,1.017001819610595703e+01
2.681154251098632812e+00,9.989868164062500000e+00
2.321459770202636719e+00,1.263617897033691406e+01
1.991679191589355469e+00,1.130268764495849609e+01
1.569381356239318848e+00,1.233629226684570312e+01
1.405958414077758789e+00,1.169800949096679688e+01
1.312834024429321289e+00,1.403614139556884766e+01
1.383770227432250977e+00,1.203191280364990234e+01
1.390105128288269043e+00,1.225128555297851562e+01
1.415867567062377930e+00,1.317253303527832031e+01
1.748834729194641113e+00,1.225442695617675781e+01
1.715939998626708984e+00,1.098360824584960938e+01
1.971044540405273438e+00,1.031116104125976562e+01
2.148435354232788086e+00,1.023155975341796875e+01
2.128301143646240234e+00,1.158902740478515625e+01
1.860897541046142578e+00,9.566138267517089844e+00
1.577867746353149414e+00,1.132069206237792969e+01
1.481846690177917480e+00,1.139354419708251953e+01
2.072123050689697266e+00,9.240792274475097656e+00
2.037265300750732422e+00,9.302289962768554688e+00
1.785972356796264648e+00,1.010317707061767578e+01
1.563256025314331055e+00,9.886141777038574219e+00
1.318603754043579102e+00,1.161977767944335938e+01
1.386751651763916016e+00,1.064529418945312500e+01
1.512161493301391602e+00,1.141898727416992188e+01
1.538196921348571777e+00,9.449588775634765625e+00
1.461053848266601562e+00,1.076935195922851562e+01
1.390271186828613281e+00,1.143713951110839844e+01
1.771216154098510742e+00,9.718476295471191406e+00
2.282490730285644531e+00,9.772118568420410156e+00
2.363724231719970703e+00,9.200338363647460938e+00
1.923356652259826660e+00,1.229115009307861328e+01
1.271945714950561523e+00,1.231100749969482422e+01
8.251857757568359375e-01,1.541324615478515625e+01
6.585130095481872559e-01,1.637458610534667969e+01
9.568192362785339355e-01,1.427455329895019531e+01
1.481329679489135742e+00,1.129032897949218750e+01
1.814893722534179688e+00,1.105696296691894531e+01
1.860031008720397949e+00,1.099532032012939453e+01
1.530618906021118164e+00,1.296491336822509766e+01
1.280157327651977539e+00,1.200063705444335938e+01
1.409963130950927734e+00,1.272750091552734375e+01
1.742022991180419922e+00,1.148008060455322266e+01
1.826514005661010742e+00,1.233685016632080078e+01
1.999452352523803711e+00,1.114301967620849609e+01
1.918951153755187988e+00,1.165294933319091797e+01
1.370707750320434570e+00,1.190514564514160156e+01
1.173688054084777832e+00,1.212105369567871094e+01
1.479863643646240234e+00,1.039039802551269531e+01
1.844782590866088867e+00,1.069737434387207031e+01
1.890350699424743652e+00,9.324037551879882812e+00
1.446286201477050781e+00,1.232754325866699219e+01
1.535884141921997070e+00,1.046822452545166016e+01
1.157696485519409180e+00,1.371539688110351562e+01
1.070364713668823242e+00,1.194398021697998047e+01
1.285625457763671875e+00,1.275698089599609375e+01
1.476947069168090820e+00,1.077245426177978516e+01
1.442124366760253906e+00,1.320298767089843750e+01
1.391649842262268066e+00,1.246189594268798828e+01
1.297934055328369141e+00,1.345621681213378906e+01
1.187436342239379883e+00,1.206171226501464844e+01
1.366967201232910156e+00,1.346774291992187500e+01
1.664900779724121094e+00,1.197666835784912109e+01
2.188983201980590820e+00,1.090462112426757812e+01
2.414410114288330078e+00,1.001469039916992188e+01
2.286131143569946289e+00,1.021776390075683594e+01
2.044576168060302734e+00,1.177928829193115234e+01
1.995822429656982422e+00,1.028928565979003906e+01
2.010030269622802734e+00,1.191252040863037109e+01
2.154472112655639648e+00,1.021235656738281250e+01
2.287132263183593750e+00,1.085457134246826172e+01
1.994125247001647949e+00,1.119962596893310547e+01
1.893667459487915039e+00,1.101065635681152344e+01
1.646436572074890137e+00,1.233948612213134766e+01
1.677764415740966797e+00,1.212216949462890625e+01
1.690106034278869629e+00,1.358985710144042969e+01
1.712402105331420898e+00,1.340593338012695312e+01
1.603066325187683105e+00,1.207291984558105469e+01
1.292362451553344727e+00,1.576948356628417969e+01
1.389272212982177734e+00,1.224577331542968750e+01
1.391543149948120117e+00,1.255170822143554688e+01
1.629018545150756836e+00,1.148931980133056641e+01
1.774284124374389648e+00,1.110615825653076172e+01
2.370225429534912109e+00,9.880790710449218750e+00
2.538527965545654297e+00,9.048903465270996094e+00
3.053970336914062500e+00,1.021265888214111328e+01
3.730374813079833984e+00,1.119142341613769531e+01
2.676564216613769531e+00,9.886356353759765625e+00
1.910323619842529297e+00,1.147022628784179688e+01
1.478646755218505859e+00,1.103546237945556641e+01
1.606829881668090820e+00,1.089530754089355469e+01
1.554902434349060059e+00,1.063984012603759766e+01
1.647922515869140625e+00,1.007949924468994141e+01
2.091287612915039062e+00,9.507022857666015625e+00
2.613233566284179688e+00,8.571789741516113281e+00
2.735496044158935547e+00,7.963637828826904297e+00
2.340532779693603516e+00,9.453479766845703125e+00
1.962936639785766602e+00,1.003842926025390625e+01
1.685138702392578125e+00,1.184818077087402344e+01
1.653846740722656250e+00,1.066852569580078125e+01
1.445514678955078125e+00,1.162914848327636719e+01
1.411021232604980469e+00,1.047624206542968750e+01
1.515559792518615723e+00,1.167564392089843750e+01
1.586547851562500000e+00,1.121976852416992188e+01
1.525483131408691406e+00,1.117251777648925781e+01
1.287363171577453613e+00,1.096430015563964844e+01
1.057518601417541504e+00,1.436255550384521484e+01
7.883733510971069336e-01,1.333783721923828125e+01
7.081385850906372070e-01,1.470698928833007812e+01
8.180325031280517578e-01,1.413309192657470703e+01
9.443055391311645508e-01,1.221711349487304688e+01
1.092113375663757324e+00,1.249368381500244141e+01
1.365782260894775391e+00,1.163467979431152344e+01
1.679920315742492676e+00,1.095586585998535156e+01
1.982603907585144043e+00,1.083610057830810547e+01
2.371587276458740234e+00,1.179542541503906250e+01
2.278737545013427734e+00,1.141357040405273438e+01
2.125232458114624023e+00,1.106539916992187500e+01
2.173158884048461914e+00,8.801641464233398438e+00
2.650325298309326172e+00,8.805498123168945312e+00
3.038194179534912109e+00,8.711442947387695312e+00
3.025116920471191406e+00,8.513198852539062500e+00
